dimension,variable,cluster,categoria,%cluster,%otros_max,lift
Motivación,motivo_primario,0,Identidad y autoexpresión,15.422,11.494,1.342
Motivación,motivo_primario,0,Hábito y pasatiempo,21.928,17.816,1.231
Motivación,motivo_primario,1,Información,22.628,15.517,1.458
Motivación,motivo_primario,1,Entretenimiento,20.438,18.966,1.078
Motivación,motivo_primario,2,Interacción social,23.563,21.446,1.099
Motivación,motivo_primario,2,Entretenimiento,18.966,20.438,0.928
Necesidades y gratificaciones,necesidad_base,0,Distracción y placer,24.096,21.168,1.138
Necesidades y gratificaciones,necesidad_base,0,Descanso emocional,20.241,18.391,1.101
Necesidades y gratificaciones,necesidad_base,1,Curiosidad,17.518,13.793,1.27
Necesidades y gratificaciones,necesidad_base,1,Seguridad informativa,13.139,10.345,1.27
Necesidades y gratificaciones,necesidad_base,2,Pertenencia,16.667,15.181,1.098
Necesidades y gratificaciones,necesidad_base,2,Descanso emocional,18.391,20.241,0.909
Necesidades y gratificaciones,gratificacion_buscada,0,Relajación,19.277,15.815,1.219
Necesidades y gratificaciones,gratificacion_buscada,0,Diversión y risa,10.361,11.679,0.887
Necesidades y gratificaciones,gratificacion_buscada,1,Estar al día,11.922,7.471,1.596
Necesidades y gratificaciones,gratificacion_buscada,1,Diversión y risa,11.679,11.494,1.016
Necesidades y gratificaciones,gratificacion_buscada,2,Diversión y risa,11.494,11.679,0.984
Necesidades y gratificaciones,gratificacion_buscada,2,Relajación,14.368,19.277,0.745
Necesidades y gratificaciones,tension_gratificacion,0,Frustración alta (no encuentra lo que busca),11.084,9.976,1.111
Necesidades y gratificaciones,tension_gratificacion,0,"Frustración leve (demasiado contenido, difícil elegir)",14.217,14.112,1.007
Necesidades y gratificaciones,tension_gratificacion,1,Obtiene más de lo que busca (descubrimiento positivo),15.815,15.517,1.019
Necesidades y gratificaciones,tension_gratificacion,1,Indiferencia (consume sin expectativa clara),15.328,15.422,0.994
Necesidades y gratificaciones,tension_gratificacion,2,Satisfacción plena (coincide lo buscado y lo obtenido),31.034,22.871,1.357
Necesidades y gratificaciones,tension_gratificacion,2,Satisfacción parcial (encuentra algo pero no exactamente),25.287,24.578,1.029
Comportamiento y hábitos,contexto_visionado,0,Solo/a en smartphone,31.084,25.862,1.202
Comportamiento y hábitos,contexto_visionado,0,En pareja,16.386,17.762,0.923
Comportamiento y hábitos,contexto_visionado,1,En familia (TV/pantalla compartida),35.036,29.31,1.195
Comportamiento y hábitos,contexto_visionado,1,En transporte/desplazamiento,12.165,10.843,1.122
Comportamiento y hábitos,contexto_visionado,2,Solo/a en computador,13.218,8.675,1.524
Comportamiento y hábitos,contexto_visionado,2,En pareja,15.517,17.762,0.874
Comportamiento y hábitos,patron_consumo,0,Consumo social (ver juntos y comentar),11.325,9.246,1.225
Comportamiento y hábitos,patron_consumo,0,Zapping entre plataformas,11.325,9.246,1.225
Comportamiento y hábitos,patron_consumo,1,Fragmentado (pausar y retomar días después),19.951,15.904,1.255
Comportamiento y hábitos,patron_consumo,1,Un episodio por sesión,27.737,28.736,0.965
Comportamiento y hábitos,patron_consumo,2,De fondo (mientras hace otra cosa),19.54,17.831,1.096
Comportamiento y hábitos,patron_consumo,2,Un episodio por sesión,28.736,27.737,1.036
Comportamiento y hábitos,binge_watching,0,Frecuente (varias veces por semana),24.096,18.248,1.32
Comportamiento y hábitos,binge_watching,0,Rara vez,32.048,34.483,0.929
Comportamiento y hábitos,binge_watching,1,Nunca,11.679,10.92,1.07
Comportamiento y hábitos,binge_watching,1,Rara vez,33.577,34.483,0.974
Comportamiento y hábitos,binge_watching,2,Ocasional (fines de semana),36.782,33.333,1.103
Comportamiento y hábitos,binge_watching,2,Rara vez,34.483,33.577,1.027
Comportamiento y hábitos,franja_horaria_pico,0,Madrugada,10.843,7.471,1.451
Comportamiento y hábitos,franja_horaria_pico,0,Tarde,22.651,22.141,1.023
Comportamiento y hábitos,franja_horaria_pico,1,Mañana,15.572,14.368,1.084
Comportamiento y hábitos,franja_horaria_pico,1,Tarde,22.141,22.651,0.978
Comportamiento y hábitos,franja_horaria_pico,2,Noche,59.195,56.867,1.041
Comportamiento y hábitos,franja_horaria_pico,2,Mañana,14.368,15.572,0.923
Comportamiento y hábitos,genera_contenido,0,Creador activo (publica regularmente),55.663,32.759,1.699
Comportamiento y hábitos,genera_contenido,0,Creador ocasional (publica a veces),25.301,24.713,1.024
Comportamiento y hábitos,genera_contenido,1,Consumidor pasivo (solo observa),40.389,24.138,1.673
Comportamiento y hábitos,genera_contenido,1,"Reactivo (comenta y comparte, rara vez crea)",25.791,18.391,1.402
Comportamiento y hábitos,genera_contenido,2,Creador ocasional (publica a veces),24.713,25.301,0.977
Comportamiento y hábitos,genera_contenido,2,"Reactivo (comenta y comparte, rara vez crea)",18.391,25.791,0.713
Comportamiento y hábitos,pertenencia_comunidades,0,Activa (participa en grupos o comunidades regularmente),64.578,39.08,1.652
Comportamiento y hábitos,pertenencia_comunidades,0,Pasiva (pertenece a grupos pero rara vez participa),27.47,34.483,0.797
Comportamiento y hábitos,pertenencia_comunidades,1,Ninguna (no participa en comunidades en línea),19.221,9.195,2.09
Comportamiento y hábitos,pertenencia_comunidades,1,Ocasional (entra a foros o grupos solo cuando necesita algo),25.061,17.241,1.454
Comportamiento y hábitos,pertenencia_comunidades,2,Pasiva (pertenece a grupos pero rara vez participa),34.483,34.307,1.005
Comportamiento y hábitos,pertenencia_comunidades,2,Ocasional (entra a foros o grupos solo cuando necesita algo),17.241,25.061,0.688
Comportamiento y hábitos,relacion_parasocial,0,"Fuerte (siente cercanía con creadores, los sigue activamente)",47.711,27.586,1.73
Comportamiento y hábitos,relacion_parasocial,0,Moderada (sigue a algunos creadores con interés),40.482,37.931,1.067
Comportamiento y hábitos,relacion_parasocial,1,Inexistente (no sigue creadores ni influenciadores),16.545,9.77,1.693
Comportamiento y hábitos,relacion_parasocial,1,Débil (los ve pero no siente conexión personal),39.173,24.713,1.585
Comportamiento y hábitos,relacion_parasocial,2,Moderada (sigue a algunos creadores con interés),37.931,40.482,0.937
Comportamiento y hábitos,relacion_parasocial,2,Débil (los ve pero no siente conexión personal),24.713,39.173,0.631
Demografía y geografía,edad_rango,0,18-24,35.181,16.092,2.186
Demografía y geografía,edad_rango,0,25-39,50.361,37.356,1.348
Demografía y geografía,edad_rango,1,56+,30.9,14.368,2.151
Demografía y geografía,edad_rango,1,40-55,40.389,32.184,1.255
Demografía y geografía,edad_rango,2,40-55,32.184,40.389,0.797
Demografía y geografía,edad_rango,2,25-39,37.356,50.361,0.742
Demografía y geografía,genero,0,Femenino,52.289,49.425,1.058
Demografía y geografía,genero,0,Masculino,46.988,50.122,0.937
Demografía y geografía,genero,1,Masculino,50.122,50.0,1.002
Demografía y geografía,genero,1,Femenino,49.148,52.289,0.94
Demografía y geografía,genero,2,Masculino,50.0,50.122,0.998
Demografía y geografía,genero,2,Femenino,49.425,52.289,0.945
Demografía y geografía,nivel_educativo,0,Técnico/Tecnológico,32.289,28.954,1.115
Demografía y geografía,nivel_educativo,0,Secundaria,32.53,32.847,0.99
Demografía y geografía,nivel_educativo,1,Secundaria,32.847,32.53,1.01
Demografía y geografía,nivel_educativo,1,Técnico/Tecnológico,28.954,32.289,0.897
Demografía y geografía,nivel_educativo,2,Posgrado,24.138,6.024,4.007
Demografía y geografía,nivel_educativo,2,Universitario,31.034,26.277,1.181
Demografía y geografía,estrato,0,1,17.59,13.869,1.268
Demografía y geografía,estrato,0,3,36.386,39.08,0.931
Demografía y geografía,estrato,1,2,36.01,31.566,1.141
Demografía y geografía,estrato,1,3,35.766,39.08,0.915
Demografía y geografía,estrato,2,5,24.138,3.855,6.261
Demografía y geografía,estrato,2,4,22.414,9.246,2.424
Demografía y geografía,region,0,Región Caribe,18.795,16.667,1.128
Demografía y geografía,region,0,Bogotá,20.723,20.69,1.002
Demografía y geografía,region,1,Antioquia,18.248,17.816,1.024
Demografía y geografía,region,1,Santanderes,10.219,10.12,1.01
Demografía y geografía,region,2,Bogotá,20.69,20.723,0.998
Demografía y geografía,region,2,Antioquia,17.816,18.248,0.976
Plataforma y vía de entrada,plataforma_video_principal,0,TikTok,24.578,15.517,1.584
Plataforma y vía de entrada,plataforma_video_principal,0,Netflix,25.783,27.011,0.955
Plataforma y vía de entrada,plataforma_video_principal,1,Ninguna,14.112,6.322,2.232
Plataforma y vía de entrada,plataforma_video_principal,1,YouTube,30.9,28.736,1.075
Plataforma y vía de entrada,plataforma_video_principal,2,Netflix,27.011,25.783,1.048
Plataforma y vía de entrada,plataforma_video_principal,2,YouTube,28.736,30.9,0.93
Plataforma y vía de entrada,dispositivo_principal,0,Smartphone,82.892,77.586,1.068
Plataforma y vía de entrada,dispositivo_principal,1,Computador,10.706,9.195,1.164
Plataforma y vía de entrada,dispositivo_principal,1,Smart TV,10.706,9.77,1.096
Plataforma y vía de entrada,dispositivo_principal,2,Smartphone,77.586,82.892,0.936
Plataforma y vía de entrada,via_llegada,0,Algoritmo de la plataforma (recomendación automática),28.916,21.839,1.324
Plataforma y vía de entrada,via_llegada,0,Redes sociales (publicación o historia),19.277,14.599,1.32
Plataforma y vía de entrada,via_llegada,1,Búsqueda activa (barra de búsqueda),16.545,17.816,0.929
Plataforma y vía de entrada,via_llegada,1,Recomendación de amigos/familia,24.331,27.011,0.901
Plataforma y vía de entrada,via_llegada,2,Recomendación de amigos/familia,27.011,24.331,1.11
Plataforma y vía de entrada,via_llegada,2,Búsqueda activa (barra de búsqueda),17.816,16.545,1.077
Plataforma y vía de entrada,relacion_tv_abierta,0,Nunca ve TV abierta,16.627,9.195,1.808
Plataforma y vía de entrada,relacion_tv_abierta,0,La abandonó por streaming,19.277,14.943,1.29
Plataforma y vía de entrada,relacion_tv_abierta,1,TV abierta sigue siendo su fuente principal,29.927,15.517,1.929
Plataforma y vía de entrada,relacion_tv_abierta,1,"Solo eventos especiales (deportes, noticias en vivo)",17.275,19.54,0.884
Plataforma y vía de entrada,relacion_tv_abierta,2,Complementaria (ve ambas),40.805,35.663,1.144
Plataforma y vía de entrada,relacion_tv_abierta,2,"Solo eventos especiales (deportes, noticias en vivo)",19.54,17.349,1.126
Plataforma y vía de entrada,rol_diseno_digital,0,Moderado (lo percibe pero no decide por eso),30.361,28.224,1.076
Plataforma y vía de entrada,rol_diseno_digital,0,Importante (lo nota y le influye),28.916,27.586,1.048
Plataforma y vía de entrada,rol_diseno_digital,1,Bajo (casi no lo nota),23.358,15.904,1.469
Plataforma y vía de entrada,rol_diseno_digital,1,Indiferente,13.139,10.361,1.268
Plataforma y vía de entrada,rol_diseno_digital,2,Determinante (elige o abandona por diseño),21.264,14.458,1.471
Plataforma y vía de entrada,rol_diseno_digital,2,Importante (lo nota y le influye),27.586,28.916,0.954
Plataforma y vía de entrada,disposicion_pago,0,Baja,33.494,31.387,1.067
Plataforma y vía de entrada,disposicion_pago,0,Ninguna,37.349,38.929,0.959
Plataforma y vía de entrada,disposicion_pago,1,Media,25.547,22.892,1.116
Plataforma y vía de entrada,disposicion_pago,1,Ninguna,38.929,37.349,1.042
Plataforma y vía de entrada,disposicion_pago,2,Alta,91.954,6.265,14.677
