id,cluster
AUD-0001,1
AUD-0002,0
AUD-0003,1
AUD-0004,0
AUD-0005,0
AUD-0006,0
AUD-0007,0
AUD-0008,0
AUD-0009,0
AUD-0010,2
AUD-0011,0
AUD-0012,1
AUD-0013,1
AUD-0014,2
AUD-0015,2
AUD-0016,1
AUD-0017,1
AUD-0018,1
AUD-0019,1
AUD-0020,2
AUD-0021,1
AUD-0022,0
AUD-0023,1
AUD-0024,0
AUD-0025,0
AUD-0026,0
AUD-0027,2
AUD-0028,1
AUD-0029,1
AUD-0030,0
AUD-0031,0
AUD-0032,1
AUD-0033,0
AUD-0034,0
AUD-0035,1
AUD-0036,1
AUD-0037,0
AUD-0038,0
AUD-0039,1
AUD-0040,0
AUD-0041,1
AUD-0042,1
AUD-0043,1
AUD-0044,2
AUD-0045,0
AUD-0046,0
AUD-0047,0
AUD-0048,1
AUD-0049,0
AUD-0050,1
AUD-0051,1
AUD-0052,0
AUD-0053,0
AUD-0054,1
AUD-0055,0
AUD-0056,1
AUD-0057,1
AUD-0058,1
AUD-0059,0
AUD-0060,0
AUD-0061,0
AUD-0062,1
AUD-0063,2
AUD-0064,1
AUD-0065,0
AUD-0066,1
AUD-0067,0
AUD-0068,0
AUD-0069,1
AUD-0070,0
AUD-0071,0
AUD-0072,1
AUD-0073,1
AUD-0074,0
AUD-0075,0
AUD-0076,1
AUD-0077,2
AUD-0078,2
AUD-0079,0
AUD-0080,1
AUD-0081,0
AUD-0082,1
AUD-0083,1
AUD-0084,0
AUD-0085,2
AUD-0086,2
AUD-0087,0
AUD-0088,1
AUD-0089,1
AUD-0090,1
AUD-0091,1
AUD-0092,1
AUD-0093,0
AUD-0094,2
AUD-0095,0
AUD-0096,1
AUD-0097,1
AUD-0098,1
AUD-0099,0
AUD-0100,2
AUD-0101,0
AUD-0102,2
AUD-0103,0
AUD-0104,1
AUD-0105,2
AUD-0106,2
AUD-0107,1
AUD-0108,1
AUD-0109,0
AUD-0110,1
AUD-0111,2
AUD-0112,2
AUD-0113,1
AUD-0114,2
AUD-0115,1
AUD-0116,0
AUD-0117,1
AUD-0118,0
AUD-0119,0
AUD-0120,1
AUD-0121,0
AUD-0122,1
AUD-0123,0
AUD-0124,2
AUD-0125,2
AUD-0126,1
AUD-0127,0
AUD-0128,0
AUD-0129,0
AUD-0130,2
AUD-0131,1
AUD-0132,0
AUD-0133,1
AUD-0134,1
AUD-0135,0
AUD-0136,0
AUD-0137,1
AUD-0138,1
AUD-0139,0
AUD-0140,1
AUD-0141,1
AUD-0142,1
AUD-0143,0
AUD-0144,0
AUD-0145,1
AUD-0146,0
AUD-0147,0
AUD-0148,1
AUD-0149,2
AUD-0150,1
AUD-0151,1
AUD-0152,0
AUD-0153,0
AUD-0154,1
AUD-0155,1
AUD-0156,0
AUD-0157,2
AUD-0158,2
AUD-0159,2
AUD-0160,2
AUD-0161,1
AUD-0162,0
AUD-0163,2
AUD-0164,1
AUD-0165,2
AUD-0166,0
AUD-0167,1
AUD-0168,1
AUD-0169,1
AUD-0170,1
AUD-0171,1
AUD-0172,1
AUD-0173,1
AUD-0174,1
AUD-0175,2
AUD-0176,1
AUD-0177,0
AUD-0178,1
AUD-0179,1
AUD-0180,0
AUD-0181,1
AUD-0182,0
AUD-0183,0
AUD-0184,0
AUD-0185,1
AUD-0186,0
AUD-0187,0
AUD-0188,1
AUD-0189,2
AUD-0190,0
AUD-0191,0
AUD-0192,1
AUD-0193,0
AUD-0194,1
AUD-0195,0
AUD-0196,0
AUD-0197,0
AUD-0198,0
AUD-0199,0
AUD-0200,1
AUD-0201,1
AUD-0202,1
AUD-0203,0
AUD-0204,1
AUD-0205,1
AUD-0206,0
AUD-0207,1
AUD-0208,0
AUD-0209,0
AUD-0210,1
AUD-0211,2
AUD-0212,0
AUD-0213,1
AUD-0214,1
AUD-0215,1
AUD-0216,2
AUD-0217,0
AUD-0218,0
AUD-0219,1
AUD-0220,0
AUD-0221,0
AUD-0222,0
AUD-0223,1
AUD-0224,0
AUD-0225,1
AUD-0226,0
AUD-0227,1
AUD-0228,0
AUD-0229,1
AUD-0230,2
AUD-0231,2
AUD-0232,0
AUD-0233,0
AUD-0234,1
AUD-0235,0
AUD-0236,1
AUD-0237,0
AUD-0238,1
AUD-0239,0
AUD-0240,0
AUD-0241,2
AUD-0242,1
AUD-0243,1
AUD-0244,0
AUD-0245,0
AUD-0246,2
AUD-0247,1
AUD-0248,1
AUD-0249,1
AUD-0250,1
AUD-0251,1
AUD-0252,0
AUD-0253,0
AUD-0254,1
AUD-0255,0
AUD-0256,1
AUD-0257,1
AUD-0258,1
AUD-0259,2
AUD-0260,0
AUD-0261,0
AUD-0262,0
AUD-0263,0
AUD-0264,0
AUD-0265,1
AUD-0266,1
AUD-0267,0
AUD-0268,2
AUD-0269,0
AUD-0270,0
AUD-0271,0
AUD-0272,0
AUD-0273,2
AUD-0274,1
AUD-0275,2
AUD-0276,1
AUD-0277,0
AUD-0278,1
AUD-0279,1
AUD-0280,1
AUD-0281,0
AUD-0282,1
AUD-0283,1
AUD-0284,0
AUD-0285,0
AUD-0286,1
AUD-0287,1
AUD-0288,0
AUD-0289,0
AUD-0290,1
AUD-0291,0
AUD-0292,0
AUD-0293,0
AUD-0294,2
AUD-0295,1
AUD-0296,0
AUD-0297,1
AUD-0298,0
AUD-0299,2
AUD-0300,0
AUD-0301,1
AUD-0302,1
AUD-0303,2
AUD-0304,0
AUD-0305,1
AUD-0306,1
AUD-0307,1
AUD-0308,1
AUD-0309,0
AUD-0310,0
AUD-0311,0
AUD-0312,1
AUD-0313,0
AUD-0314,0
AUD-0315,0
AUD-0316,0
AUD-0317,1
AUD-0318,0
AUD-0319,1
AUD-0320,0
AUD-0321,0
AUD-0322,1
AUD-0323,0
AUD-0324,1
AUD-0325,0
AUD-0326,1
AUD-0327,2
AUD-0328,0
AUD-0329,0
AUD-0330,0
AUD-0331,0
AUD-0332,1
AUD-0333,2
AUD-0334,1
AUD-0335,1
AUD-0336,0
AUD-0337,1
AUD-0338,0
AUD-0339,2
AUD-0340,1
AUD-0341,1
AUD-0342,0
AUD-0343,1
AUD-0344,2
AUD-0345,1
AUD-0346,2
AUD-0347,0
AUD-0348,0
AUD-0349,1
AUD-0350,0
AUD-0351,0
AUD-0352,1
AUD-0353,1
AUD-0354,1
AUD-0355,0
AUD-0356,0
AUD-0357,0
AUD-0358,1
AUD-0359,1
AUD-0360,2
AUD-0361,0
AUD-0362,1
AUD-0363,1
AUD-0364,1
AUD-0365,0
AUD-0366,2
AUD-0367,1
AUD-0368,1
AUD-0369,0
AUD-0370,1
AUD-0371,1
AUD-0372,1
AUD-0373,1
AUD-0374,1
AUD-0375,1
AUD-0376,0
AUD-0377,1
AUD-0378,1
AUD-0379,0
AUD-0380,0
AUD-0381,0
AUD-0382,1
AUD-0383,2
AUD-0384,1
AUD-0385,0
AUD-0386,0
AUD-0387,0
AUD-0388,0
AUD-0389,2
AUD-0390,0
AUD-0391,1
AUD-0392,1
AUD-0393,1
AUD-0394,0
AUD-0395,0
AUD-0396,1
AUD-0397,1
AUD-0398,0
AUD-0399,2
AUD-0400,2
AUD-0401,0
AUD-0402,0
AUD-0403,0
AUD-0404,0
AUD-0405,1
AUD-0406,1
AUD-0407,2
AUD-0408,0
AUD-0409,2
AUD-0410,1
AUD-0411,0
AUD-0412,2
AUD-0413,0
AUD-0414,1
AUD-0415,2
AUD-0416,0
AUD-0417,1
AUD-0418,1
AUD-0419,1
AUD-0420,2
AUD-0421,1
AUD-0422,1
AUD-0423,1
AUD-0424,1
AUD-0425,0
AUD-0426,1
AUD-0427,1
AUD-0428,0
AUD-0429,1
AUD-0430,1
AUD-0431,1
AUD-0432,1
AUD-0433,2
AUD-0434,2
AUD-0435,2
AUD-0436,0
AUD-0437,2
AUD-0438,2
AUD-0439,0
AUD-0440,0
AUD-0441,1
AUD-0442,1
AUD-0443,1
AUD-0444,1
AUD-0445,1
AUD-0446,0
AUD-0447,0
AUD-0448,1
AUD-0449,0
AUD-0450,0
AUD-0451,2
AUD-0452,1
AUD-0453,2
AUD-0454,2
AUD-0455,0
AUD-0456,0
AUD-0457,2
AUD-0458,0
AUD-0459,1
AUD-0460,1
AUD-0461,1
AUD-0462,0
AUD-0463,2
AUD-0464,1
AUD-0465,1
AUD-0466,2
AUD-0467,1
AUD-0468,0
AUD-0469,0
AUD-0470,1
AUD-0471,0
AUD-0472,1
AUD-0473,2
AUD-0474,1
AUD-0475,0
AUD-0476,0
AUD-0477,1
AUD-0478,0
AUD-0479,0
AUD-0480,0
AUD-0481,2
AUD-0482,2
AUD-0483,1
AUD-0484,0
AUD-0485,1
AUD-0486,1
AUD-0487,1
AUD-0488,0
AUD-0489,0
AUD-0490,2
AUD-0491,0
AUD-0492,1
AUD-0493,0
AUD-0494,1
AUD-0495,0
AUD-0496,0
AUD-0497,2
AUD-0498,0
AUD-0499,0
AUD-0500,0
AUD-0501,0
AUD-0502,1
AUD-0503,0
AUD-0504,0
AUD-0505,0
AUD-0506,2
AUD-0507,0
AUD-0508,0
AUD-0509,2
AUD-0510,0
AUD-0511,2
AUD-0512,2
AUD-0513,1
AUD-0514,1
AUD-0515,0
AUD-0516,0
AUD-0517,0
AUD-0518,1
AUD-0519,1
AUD-0520,2
AUD-0521,0
AUD-0522,0
AUD-0523,1
AUD-0524,1
AUD-0525,0
AUD-0526,1
AUD-0527,1
AUD-0528,1
AUD-0529,0
AUD-0530,0
AUD-0531,2
AUD-0532,0
AUD-0533,2
AUD-0534,0
AUD-0535,1
AUD-0536,1
AUD-0537,1
AUD-0538,2
AUD-0539,2
AUD-0540,2
AUD-0541,1
AUD-0542,1
AUD-0543,1
AUD-0544,1
AUD-0545,1
AUD-0546,0
AUD-0547,0
AUD-0548,0
AUD-0549,1
AUD-0550,1
AUD-0551,0
AUD-0552,1
AUD-0553,0
AUD-0554,1
AUD-0555,1
AUD-0556,0
AUD-0557,0
AUD-0558,1
AUD-0559,1
AUD-0560,0
AUD-0561,0
AUD-0562,1
AUD-0563,1
AUD-0564,0
AUD-0565,0
AUD-0566,0
AUD-0567,1
AUD-0568,1
AUD-0569,1
AUD-0570,1
AUD-0571,0
AUD-0572,0
AUD-0573,2
AUD-0574,0
AUD-0575,1
AUD-0576,2
AUD-0577,1
AUD-0578,0
AUD-0579,1
AUD-0580,1
AUD-0581,2
AUD-0582,2
AUD-0583,0
AUD-0584,0
AUD-0585,0
AUD-0586,1
AUD-0587,1
AUD-0588,0
AUD-0589,2
AUD-0590,0
AUD-0591,0
AUD-0592,1
AUD-0593,0
AUD-0594,2
AUD-0595,0
AUD-0596,1
AUD-0597,1
AUD-0598,0
AUD-0599,2
AUD-0600,0
AUD-0601,1
AUD-0602,1
AUD-0603,0
AUD-0604,0
AUD-0605,2
AUD-0606,1
AUD-0607,1
AUD-0608,0
AUD-0609,1
AUD-0610,1
AUD-0611,2
AUD-0612,0
AUD-0613,0
AUD-0614,0
AUD-0615,0
AUD-0616,0
AUD-0617,2
AUD-0618,0
AUD-0619,1
AUD-0620,0
AUD-0621,1
AUD-0622,1
AUD-0623,2
AUD-0624,1
AUD-0625,0
AUD-0626,1
AUD-0627,2
AUD-0628,2
AUD-0629,1
AUD-0630,1
AUD-0631,1
AUD-0632,1
AUD-0633,1
AUD-0634,0
AUD-0635,0
AUD-0636,1
AUD-0637,0
AUD-0638,0
AUD-0639,0
AUD-0640,0
AUD-0641,2
AUD-0642,0
AUD-0643,0
AUD-0644,2
AUD-0645,0
AUD-0646,0
AUD-0647,0
AUD-0648,0
AUD-0649,0
AUD-0650,2
AUD-0651,0
AUD-0652,2
AUD-0653,0
AUD-0654,2
AUD-0655,1
AUD-0656,1
AUD-0657,1
AUD-0658,1
AUD-0659,2
AUD-0660,2
AUD-0661,1
AUD-0662,0
AUD-0663,0
AUD-0664,0
AUD-0665,0
AUD-0666,1
AUD-0667,2
AUD-0668,0
AUD-0669,1
AUD-0670,0
AUD-0671,1
AUD-0672,1
AUD-0673,1
AUD-0674,0
AUD-0675,0
AUD-0676,2
AUD-0677,0
AUD-0678,0
AUD-0679,0
AUD-0680,0
AUD-0681,1
AUD-0682,0
AUD-0683,1
AUD-0684,1
AUD-0685,1
AUD-0686,2
AUD-0687,2
AUD-0688,0
AUD-0689,2
AUD-0690,0
AUD-0691,1
AUD-0692,1
AUD-0693,1
AUD-0694,0
AUD-0695,1
AUD-0696,0
AUD-0697,0
AUD-0698,1
AUD-0699,2
AUD-0700,1
AUD-0701,1
AUD-0702,1
AUD-0703,0
AUD-0704,0
AUD-0705,1
AUD-0706,1
AUD-0707,2
AUD-0708,0
AUD-0709,2
AUD-0710,0
AUD-0711,0
AUD-0712,0
AUD-0713,1
AUD-0714,1
AUD-0715,0
AUD-0716,0
AUD-0717,0
AUD-0718,2
AUD-0719,0
AUD-0720,1
AUD-0721,1
AUD-0722,1
AUD-0723,0
AUD-0724,1
AUD-0725,1
AUD-0726,0
AUD-0727,2
AUD-0728,0
AUD-0729,1
AUD-0730,0
AUD-0731,0
AUD-0732,0
AUD-0733,1
AUD-0734,1
AUD-0735,0
AUD-0736,2
AUD-0737,0
AUD-0738,1
AUD-0739,1
AUD-0740,0
AUD-0741,1
AUD-0742,2
AUD-0743,0
AUD-0744,1
AUD-0745,1
AUD-0746,1
AUD-0747,1
AUD-0748,2
AUD-0749,1
AUD-0750,1
AUD-0751,1
AUD-0752,2
AUD-0753,2
AUD-0754,0
AUD-0755,0
AUD-0756,0
AUD-0757,2
AUD-0758,0
AUD-0759,1
AUD-0760,0
AUD-0761,1
AUD-0762,0
AUD-0763,1
AUD-0764,0
AUD-0765,0
AUD-0766,0
AUD-0767,0
AUD-0768,1
AUD-0769,0
AUD-0770,1
AUD-0771,1
AUD-0772,0
AUD-0773,1
AUD-0774,1
AUD-0775,1
AUD-0776,1
AUD-0777,0
AUD-0778,1
AUD-0779,1
AUD-0780,1
AUD-0781,2
AUD-0782,2
AUD-0783,0
AUD-0784,2
AUD-0785,1
AUD-0786,1
AUD-0787,0
AUD-0788,1
AUD-0789,0
AUD-0790,1
AUD-0791,2
AUD-0792,1
AUD-0793,2
AUD-0794,0
AUD-0795,0
AUD-0796,1
AUD-0797,0
AUD-0798,1
AUD-0799,0
AUD-0800,2
AUD-0801,1
AUD-0802,1
AUD-0803,0
AUD-0804,0
AUD-0805,1
AUD-0806,0
AUD-0807,2
AUD-0808,1
AUD-0809,2
AUD-0810,1
AUD-0811,0
AUD-0812,2
AUD-0813,0
AUD-0814,2
AUD-0815,0
AUD-0816,1
AUD-0817,2
AUD-0818,1
AUD-0819,1
AUD-0820,1
AUD-0821,2
AUD-0822,0
AUD-0823,2
AUD-0824,2
AUD-0825,2
AUD-0826,1
AUD-0827,0
AUD-0828,2
AUD-0829,2
AUD-0830,1
AUD-0831,1
AUD-0832,1
AUD-0833,0
AUD-0834,0
AUD-0835,0
AUD-0836,2
AUD-0837,1
AUD-0838,1
AUD-0839,0
AUD-0840,1
AUD-0841,1
AUD-0842,1
AUD-0843,1
AUD-0844,1
AUD-0845,2
AUD-0846,2
AUD-0847,1
AUD-0848,0
AUD-0849,2
AUD-0850,1
AUD-0851,1
AUD-0852,0
AUD-0853,1
AUD-0854,1
AUD-0855,0
AUD-0856,1
AUD-0857,1
AUD-0858,0
AUD-0859,1
AUD-0860,1
AUD-0861,1
AUD-0862,1
AUD-0863,2
AUD-0864,1
AUD-0865,2
AUD-0866,1
AUD-0867,0
AUD-0868,1
AUD-0869,2
AUD-0870,2
AUD-0871,0
AUD-0872,1
AUD-0873,0
AUD-0874,0
AUD-0875,2
AUD-0876,1
AUD-0877,1
AUD-0878,0
AUD-0879,1
AUD-0880,0
AUD-0881,0
AUD-0882,1
AUD-0883,1
AUD-0884,1
AUD-0885,0
AUD-0886,1
AUD-0887,2
AUD-0888,2
AUD-0889,2
AUD-0890,0
AUD-0891,2
AUD-0892,1
AUD-0893,0
AUD-0894,2
AUD-0895,0
AUD-0896,1
AUD-0897,1
AUD-0898,1
AUD-0899,0
AUD-0900,0
AUD-0901,2
AUD-0902,1
AUD-0903,0
AUD-0904,2
AUD-0905,2
AUD-0906,0
AUD-0907,2
AUD-0908,1
AUD-0909,1
AUD-0910,0
AUD-0911,1
AUD-0912,0
AUD-0913,0
AUD-0914,2
AUD-0915,1
AUD-0916,0
AUD-0917,0
AUD-0918,0
AUD-0919,2
AUD-0920,2
AUD-0921,0
AUD-0922,0
AUD-0923,0
AUD-0924,0
AUD-0925,0
AUD-0926,0
AUD-0927,0
AUD-0928,2
AUD-0929,1
AUD-0930,0
AUD-0931,1
AUD-0932,0
AUD-0933,0
AUD-0934,0
AUD-0935,1
AUD-0936,0
AUD-0937,0
AUD-0938,1
AUD-0939,1
AUD-0940,0
AUD-0941,0
AUD-0942,2
AUD-0943,0
AUD-0944,0
AUD-0945,0
AUD-0946,2
AUD-0947,0
AUD-0948,2
AUD-0949,0
AUD-0950,0
AUD-0951,0
AUD-0952,0
AUD-0953,0
AUD-0954,2
AUD-0955,1
AUD-0956,2
AUD-0957,0
AUD-0958,1
AUD-0959,0
AUD-0960,2
AUD-0961,0
AUD-0962,2
AUD-0963,0
AUD-0964,1
AUD-0965,2
AUD-0966,1
AUD-0967,0
AUD-0968,1
AUD-0969,1
AUD-0970,0
AUD-0971,2
AUD-0972,1
AUD-0973,0
AUD-0974,1
AUD-0975,1
AUD-0976,1
AUD-0977,1
AUD-0978,1
AUD-0979,0
AUD-0980,1
AUD-0981,2
AUD-0982,1
AUD-0983,0
AUD-0984,1
AUD-0985,0
AUD-0986,0
AUD-0987,2
AUD-0988,1
AUD-0989,1
AUD-0990,0
AUD-0991,2
AUD-0992,1
AUD-0993,0
AUD-0994,0
AUD-0995,0
AUD-0996,2
AUD-0997,0
AUD-0998,1
AUD-0999,0
AUD-1000,0
